img_name,psnr_c,psnr_r,ssim_c,ssim_r,ssim_avg
00001.png,59.748244,71.901947,0.999744,0.999984,0.999864
00002.png,56.370869,71.576271,0.999135,0.999985,0.999560
00003.png,57.639000,72.747718,0.999299,0.999995,0.999647
00004.png,54.564469,68.854793,0.999454,0.999970,0.999712
00005.png,59.144365,72.058708,0.999709,0.999994,0.999851
00006.png,51.465567,66.997902,0.999017,0.999721,0.999369
00007.png,39.495454,54.101832,0.992485,0.993582,0.993033
00008.png,53.669742,69.102290,0.998961,0.999953,0.999457
00009.png,61.036548,73.475805,0.999784,0.999993,0.999889
00010.png,61.292723,73.445190,0.999954,0.999994,0.999974
00011.png,59.676491,76.149698,0.999758,0.999996,0.999877
00012.png,56.790818,65.885626,0.999462,0.999987,0.999724
00013.png,59.895843,70.959047,0.999832,0.999985,0.999909
00014.png,56.284497,71.201337,0.999752,0.999976,0.999864
00015.png,55.622592,68.552411,0.999314,0.999951,0.999632
00016.png,58.766448,67.095457,0.999597,0.999987,0.999792
00017.png,57.537565,69.178936,0.999608,0.999981,0.999794
00018.png,52.689582,66.283766,0.999512,0.999777,0.999645
00019.png,55.601983,71.444602,0.999498,0.999987,0.999742
00020.png,56.893500,72.077508,0.999651,0.999996,0.999823
00021.png,57.914987,73.688928,0.999610,0.999994,0.999802
00022.png,56.169454,70.227536,0.999550,0.999995,0.999773
00023.png,53.026593,68.856261,0.998919,0.999923,0.999421
00024.png,54.361452,66.600279,0.999660,0.999945,0.999803
00025.png,57.435716,68.634574,0.999773,0.999978,0.999876
00026.png,54.312601,69.008515,0.999667,0.999971,0.999819
00027.png,62.766987,69.907592,0.999769,0.999991,0.999880
00028.png,46.813904,61.331583,0.999283,0.999183,0.999233
00029.png,55.860859,70.585798,0.999505,0.999987,0.999746
00030.png,51.986099,69.347541,0.999164,0.999860,0.999512
00031.png,59.047300,71.444602,0.999638,0.999994,0.999816
00032.png,59.780824,69.029180,0.999615,0.999991,0.999803
00033.png,61.623655,73.683966,0.999694,0.999995,0.999844
00034.png,58.270374,70.362281,0.999694,0.999973,0.999834
00035.png,50.652504,66.889297,0.999385,0.999847,0.999616
00036.png,55.941689,66.753781,0.999597,0.999975,0.999786
00037.png,57.386156,70.689066,0.999748,0.999977,0.999862
00038.png,60.106084,73.710328,0.999396,0.999995,0.999695
00039.png,56.718194,75.669000,0.999547,0.999998,0.999773
00040.png,62.080112,66.927430,0.999816,0.999986,0.999901
00041.png,56.906009,68.405381,0.999726,0.999971,0.999849
00042.png,59.870752,69.984549,0.999730,0.999993,0.999862
00043.png,54.538715,68.451808,0.998684,0.999960,0.999322
00044.png,61.616471,73.032244,0.999594,0.999996,0.999795
00045.png,53.520370,69.536484,0.999568,0.999846,0.999707
00046.png,56.073150,70.750711,0.999814,0.999978,0.999896
00047.png,55.378552,69.056602,0.999499,0.999962,0.999730
00048.png,54.529012,71.560429,0.999427,0.999950,0.999689
00049.png,53.614901,71.533750,0.999627,0.999985,0.999806
00050.png,57.752758,69.439678,0.999640,0.999989,0.999814
00051.png,56.993948,70.318423,0.999440,0.999974,0.999707
00052.png,50.256751,64.318376,0.998470,0.999332,0.998901
00053.png,55.084870,70.090122,0.999298,0.999960,0.999629
00054.png,55.258627,71.051101,0.999708,0.999971,0.999840
00055.png,60.105888,73.089813,0.999754,0.999996,0.999875
00056.png,46.440934,61.132949,0.998242,0.998583,0.998412
00057.png,59.491077,72.952322,0.999407,0.999995,0.999701
00058.png,53.585740,71.365091,0.999028,0.999970,0.999499
00059.png,54.554314,69.694066,0.999539,0.999981,0.999760
00060.png,54.572487,71.217325,0.999792,0.999978,0.999885
00061.png,52.375801,67.622893,0.999603,0.999935,0.999769
00062.png,62.954166,70.203662,0.999879,0.999990,0.999935
00063.png,63.929496,75.365036,0.999878,0.999996,0.999937
00064.png,61.276285,68.922185,0.999736,0.999992,0.999864
00065.png,60.725797,71.121170,0.999874,0.999992,0.999933
00066.png,58.361046,73.293454,0.999592,0.999991,0.999792
00067.png,56.151667,68.498436,0.999527,0.999935,0.999731
00068.png,59.949949,71.281301,0.999832,0.999974,0.999903
00069.png,56.101471,69.992596,0.999819,0.999987,0.999903
00070.png,54.825071,72.272631,0.999346,0.999987,0.999666
00071.png,55.626259,66.208182,0.999429,0.999953,0.999691
00072.png,55.748060,70.543484,0.999801,0.999970,0.999885
00073.png,55.220528,69.652514,0.999719,0.999936,0.999828
00074.png,61.958071,71.198538,0.999766,0.999992,0.999879
00075.png,56.892047,70.854922,0.999771,0.999992,0.999881
00076.png,53.659030,67.908292,0.999646,0.999948,0.999797
00077.png,63.240522,71.231116,0.999734,0.999992,0.999863
00078.png,60.355731,70.825809,0.999851,0.999991,0.999921
00079.png,58.426699,67.414862,0.999786,0.999980,0.999883
00080.png,62.262145,75.602931,0.999860,0.999997,0.999929
00081.png,58.307514,72.122962,0.999880,0.999994,0.999937
00082.png,57.236554,68.362211,0.999473,0.999983,0.999728
00083.png,49.470350,65.732432,0.998353,0.999734,0.999043
00084.png,50.965088,66.561245,0.999301,0.999726,0.999513
00085.png,49.124655,66.742434,0.998925,0.999777,0.999351
00086.png,56.352688,70.002569,0.999499,0.999954,0.999726
00087.png,53.021009,67.317729,0.999501,0.999907,0.999704
00088.png,55.318851,72.514275,0.999334,0.999963,0.999649
00089.png,55.537921,67.894019,0.999214,0.999958,0.999586
00090.png,53.986959,69.682802,0.999556,0.999966,0.999761
00091.png,53.373629,69.957763,0.998765,0.999925,0.999345
00092.png,55.560581,73.150347,0.999689,0.999978,0.999833
00093.png,59.025836,70.516857,0.999530,0.999981,0.999755
00094.png,59.493306,73.427858,0.999571,0.999991,0.999781
00095.png,53.859694,66.829648,0.999715,0.999947,0.999831
00096.png,59.925128,66.545787,0.999549,0.999984,0.999766
00097.png,53.597211,69.345897,0.999730,0.999975,0.999853
00098.png,55.678542,65.336068,0.999582,0.999921,0.999751
00099.png,57.297352,70.809150,0.999644,0.999992,0.999818
00100.png,50.260760,66.363721,0.997886,0.999809,0.998847
00101.png,60.441630,74.075487,0.999842,0.999988,0.999915
00102.png,56.228180,68.858219,0.999077,0.999985,0.999531
00103.png,57.414475,72.424301,0.999264,0.999993,0.999629
00104.png,54.772286,70.180140,0.999483,0.999974,0.999729
00105.png,59.106367,73.859539,0.999709,0.999997,0.999853
00106.png,51.452130,66.593103,0.999031,0.999708,0.999369
00107.png,39.535045,54.967965,0.992542,0.993623,0.993082
00108.png,53.113395,64.732257,0.998937,0.999887,0.999412
00109.png,61.283954,67.156251,0.999793,0.999991,0.999892
00110.png,62.172503,74.358561,0.999962,0.999992,0.999977
00111.png,58.910126,70.254468,0.999611,0.999994,0.999802
00112.png,57.407118,68.907797,0.999641,0.999987,0.999814
00113.png,59.060721,70.555532,0.999787,0.999981,0.999884
00114.png,56.509062,70.198547,0.999710,0.999959,0.999834
00115.png,55.544857,68.790519,0.999345,0.999946,0.999645
00116.png,61.033476,72.434331,0.999767,0.999983,0.999875
00117.png,58.299111,74.294739,0.999674,0.999992,0.999833
00118.png,52.417424,64.115502,0.999483,0.999781,0.999632
00119.png,55.851757,74.151580,0.999540,0.999987,0.999763
00120.png,56.642743,66.581975,0.999598,0.999969,0.999783
00121.png,57.106534,70.301549,0.999313,0.999986,0.999649
00122.png,56.114053,71.274178,0.999525,0.999990,0.999758
00123.png,52.915315,68.869170,0.998897,0.999921,0.999409
00124.png,54.628429,70.371522,0.999692,0.999944,0.999818
00125.png,57.529961,72.311139,0.999795,0.999982,0.999889
00126.png,54.415358,69.066523,0.999734,0.999972,0.999853
00127.png,61.201281,70.744910,0.999652,0.999991,0.999821
00128.png,46.693971,59.627148,0.999273,0.999117,0.999195
00129.png,55.202068,69.405476,0.999491,0.999965,0.999728
00130.png,51.808276,68.293446,0.999104,0.999861,0.999482
00131.png,58.245043,71.398654,0.999484,0.999989,0.999737
00132.png,61.258434,73.896876,0.999790,0.999992,0.999891
00133.png,60.789345,70.940025,0.999571,0.999988,0.999779
00134.png,58.223397,67.943323,0.999700,0.999969,0.999834
00135.png,50.719731,69.613103,0.999422,0.999849,0.999635
00136.png,55.836028,67.692597,0.999575,0.999979,0.999777
00137.png,57.428405,71.237323,0.999730,0.999969,0.999850
00138.png,60.797017,74.727084,0.999477,0.999997,0.999737
00139.png,56.777676,71.812728,0.999556,0.999992,0.999774
00140.png,62.797730,72.887445,0.999837,0.999993,0.999915
00141.png,57.309402,68.824075,0.999717,0.999969,0.999843
00142.png,58.427719,69.034446,0.999493,0.999978,0.999735
00143.png,54.574599,65.720764,0.998825,0.999931,0.999378
00144.png,61.959938,68.320763,0.999710,0.999987,0.999848
00145.png,53.491195,69.958815,0.999548,0.999848,0.999698
00146.png,55.876177,69.791920,0.999786,0.999980,0.999883
00147.png,54.665549,63.993350,0.999478,0.999945,0.999712
00148.png,53.918920,65.169762,0.999362,0.999943,0.999652
00149.png,53.339630,67.532101,0.999520,0.999965,0.999743
00150.png,58.151323,68.236349,0.999680,0.999973,0.999827
00151.png,57.074200,70.984008,0.999428,0.999976,0.999702
00152.png,50.107058,63.303482,0.998247,0.999332,0.998790
00153.png,55.174834,70.139609,0.999290,0.999962,0.999626
00154.png,54.698471,69.683986,0.999662,0.999966,0.999814
00155.png,61.148853,72.530974,0.999837,0.999993,0.999915
00156.png,46.393433,60.989444,0.998204,0.998563,0.998383
00157.png,57.192083,69.514214,0.998910,0.999992,0.999451
00158.png,53.741290,71.483267,0.999066,0.999972,0.999519
00159.png,54.595083,71.521978,0.999508,0.999984,0.999746
00160.png,54.090583,66.595720,0.999766,0.999925,0.999846
00161.png,52.532240,69.052332,0.999610,0.999951,0.999780
00162.png,62.094842,70.952697,0.999852,0.999989,0.999920
00163.png,62.243420,73.872467,0.999815,0.999996,0.999905
00164.png,63.781350,75.044859,0.999914,0.999996,0.999955
00165.png,60.070613,73.026273,0.999788,0.999986,0.999887
00166.png,58.335818,73.840990,0.999582,0.999990,0.999786
00167.png,56.374248,68.674134,0.999599,0.999952,0.999775
00168.png,59.298508,67.445644,0.999776,0.999988,0.999882
00169.png,57.071495,71.538588,0.999830,0.999988,0.999909
00170.png,54.985542,70.893090,0.999381,0.999990,0.999685
00171.png,56.571164,69.258928,0.999622,0.999948,0.999785
00172.png,55.672549,67.047428,0.999749,0.999984,0.999867
00173.png,55.009551,70.979217,0.999698,0.999944,0.999821
00174.png,61.599530,72.237659,0.999692,0.999983,0.999837
00175.png,56.404610,68.386743,0.999688,0.999972,0.999830
00176.png,53.751311,68.909449,0.999671,0.999973,0.999822
00177.png,61.088803,71.188198,0.999487,0.999996,0.999742
00178.png,60.018681,70.396339,0.999793,0.999989,0.999891
00179.png,58.154515,69.134352,0.999687,0.999984,0.999835
00180.png,61.564658,74.945602,0.999870,0.999995,0.999933
00181.png,58.818508,72.922675,0.999899,0.999994,0.999946
00182.png,57.790111,70.680366,0.999470,0.999988,0.999729
00183.png,49.560260,66.143752,0.998354,0.999749,0.999051
00184.png,50.625187,64.006843,0.999213,0.999679,0.999446
00185.png,49.117678,66.334684,0.998922,0.999775,0.999348
00186.png,56.344463,70.807871,0.999512,0.999951,0.999731
00187.png,53.088451,67.363304,0.999521,0.999910,0.999715
00188.png,54.802289,66.151623,0.999193,0.999953,0.999573
00189.png,55.979718,71.275886,0.999310,0.999983,0.999646
00190.png,53.687071,67.670562,0.999371,0.999964,0.999668
00191.png,53.628402,68.060996,0.999072,0.999919,0.999495
00192.png,55.293233,70.632210,0.999668,0.999974,0.999821
average,56.317678,69.608121,0.999431,0.999862,0.999646
